File,Path,LOC,Comments,MI,CC_Total,CC_Average,Halstead_values
util.py,../pyparsing/pyparsing/util.py,438.0,42.0,48.059075888593554,83.0,3.32,"HalsteadReport(h1=10, h2=64, N1=45, N2=83, vocabulary=74, length=128, calculated_length=417.21928094887363, volume=794.8100308005057, difficulty=6.484375, effort=5153.846293472029, time=286.3247940817794, bugs=0.2649366769335019)"
testing.py,../pyparsing/pyparsing/testing.py,362.0,7.0,53.68834984036341,49.0,24.5,"HalsteadReport(h1=14, h2=68, N1=57, N2=109, vocabulary=82, length=166, calculated_length=467.2504421138296, volume=1055.353632766602, difficulty=11.220588235294118, effort=11841.688555895844, time=657.871586438658, bugs=0.351784544255534)"
common.py,../pyparsing/pyparsing/common.py,434.0,28.0,59.39967704387189,6.0,1.5,"HalsteadReport(h1=7, h2=101, N1=58, N2=112, vocabulary=108, length=170, calculated_length=692.1308442123345, volume=1148.3308753677898, difficulty=3.881188118811881, effort=4456.888149942312, time=247.60489721901735, bugs=0.3827769584559299)"
__init__.py,../pyparsing/pyparsing/__init__.py,326.0,26.0,66.08530434657155,8.0,2.0,"HalsteadReport(h1=3, h2=16, N1=8, N2=16, vocabulary=19, length=24, calculated_length=68.75488750216347, volume=101.95026032264605, difficulty=1.5, effort=152.92539048396907, time=8.49585502688717, bugs=0.03398342010754868)"
helpers.py,../pyparsing/pyparsing/helpers.py,1131.0,35.0,35.69480843801518,89.0,5.235294117647059,"HalsteadReport(h1=20, h2=240, N1=188, N2=351, vocabulary=260, length=539, calculated_length=1984.0923048437917, volume=4324.056251222337, difficulty=14.625, effort=63239.32267412668, time=3513.295704118149, bugs=1.441352083740779)"
unicode.py,../pyparsing/pyparsing/unicode.py,356.0,6.0,53.48471556884088,29.0,2.230769230769231,"HalsteadReport(h1=7, h2=24, N1=15, N2=28, vocabulary=31, length=43, calculated_length=129.690584471711, volume=213.03044134663566, difficulty=4.083333333333333, effort=869.8743021654288, time=48.326350120301605, bugs=0.07101014711554522)"
actions.py,../pyparsing/pyparsing/actions.py,220.0,6.0,56.0715452603472,13.0,1.4444444444444444,"HalsteadReport(h1=6, h2=12, N1=8, N2=14, vocabulary=18, length=22, calculated_length=58.52932501298082, volume=91.73835003173087, difficulty=3.5, effort=321.08422511105806, time=17.838012506169893, bugs=0.030579450010576957)"
core.py,../pyparsing/pyparsing/core.py,6304.0,267.0,0.0,1330.0,4.15625,"HalsteadReport(h1=22, h2=880, N1=728, N2=1361, vocabulary=902, length=2089, calculated_length=8705.704043511721, volume=20507.678788980495, difficulty=17.0125, effort=348886.8853975306, time=19382.604744307257, bugs=6.835892929660165)"
exceptions.py,../pyparsing/pyparsing/exceptions.py,313.0,9.0,59.43281665256412,45.0,1.875,"HalsteadReport(h1=10, h2=29, N1=20, N2=36, vocabulary=39, length=56, calculated_length=174.10072980757323, volume=295.98252425628596, difficulty=6.206896551724138, effort=1837.1329091769474, time=102.0629393987193, bugs=0.09866084141876198)"
results.py,../pyparsing/pyparsing/results.py,816.0,13.0,32.726043449754044,141.0,3.1333333333333333,"HalsteadReport(h1=15, h2=104, N1=75, N2=133, vocabulary=119, length=208, calculated_length=755.4490896208013, volume=1434.1220947680522, difficulty=9.591346153846153, effort=13755.161437799346, time=764.175635433297, bugs=0.4780406982560174)"
cvt_pyparsing_pep8_names.py,../pyparsing/pyparsing/tools/cvt_pyparsing_pep8_names.py,116.0,1.0,58.52848874837214,5.0,2.5,"HalsteadReport(h1=5, h2=12, N1=7, N2=12, vocabulary=17, length=19, calculated_length=54.62919048309069, volume=77.66179398375645, difficulty=2.5, effort=194.15448495939114, time=10.78636027552173, bugs=0.02588726466125215)"
__init__.py,../pyparsing/pyparsing/tools/__init__.py,0.0,0.0,100.0,0.0,0.0,"HalsteadReport(h1=0, h2=0, N1=0, N2=0, vocabulary=0, length=0, calculated_length=0, volume=0, difficulty=0, effort=0, time=0.0, bugs=0.0)"
__init__.py,../pyparsing/pyparsing/diagram/__init__.py,754.0,61.0,33.014023469811974,146.0,4.424242424242424,"HalsteadReport(h1=13, h2=108, N1=79, N2=145, vocabulary=121, length=224, calculated_length=777.633566569489, volume=1549.8253651495095, difficulty=8.726851851851851, effort=13525.096357901968, time=751.394242105665, bugs=0.5166084550498365)"
AVERAGE,ALL FILES,890.0,38.53846153846154,50.47575759285431,149.53846153846155,4.332256426956653,
