File,Path,LOC,Comments,MI,CC_Total,CC_Average,Halstead_values
duration.py,../pendulum/src/pendulum/duration.py,965.0,0.6400000000000001,12.423447566603903,1.0,-0.9787234042553189,"HalsteadReport(h1=16, h2=184, N1=128, N2=240, vocabulary=200, length=368, calculated_length=1448.3353999144904, volume=2812.9390778370985, difficulty=10.434782608695652, effort=29352.40776873494, time=1630.6893204852745, bugs=0.9376463592790328)"
interval.py,../pendulum/src/pendulum/interval.py,507.0,2.4000000000000004,18.47139072151863,38.0,0.8837209302325583,"HalsteadReport(h1=17, h2=82, N1=54, N2=100, vocabulary=99, length=154, calculated_length=590.8061326799387, volume=1020.9209194922598, difficulty=10.365853658536585, effort=10582.716848395376, time=587.928713799743, bugs=0.3403069731640866)"
time.py,../pendulum/src/pendulum/time.py,317.0,5.0,53.87185552436724,49.0,2.130434782608696,"HalsteadReport(h1=9, h2=41, N1=27, N2=51, vocabulary=50, length=78, calculated_length=248.18895720232226, volume=440.2207828024285, difficulty=5.597560975609756, effort=2464.162674467252, time=136.89792635929177, bugs=0.14674026093414283)"
_helpers.py,../pendulum/src/pendulum/_helpers.py,337.0,26.0,39.24619304933647,55.0,5.5,"HalsteadReport(h1=17, h2=159, N1=152, N2=301, vocabulary=176, length=453, calculated_length=1232.2352581914683, volume=3379.1225232426955, difficulty=16.09119496855346, effort=54374.11934412853, time=3020.7844080071404, bugs=1.126374174414232)"
date.py,../pendulum/src/pendulum/date.py,757.0,14.0,34.73391192489509,113.0,1.765625,"HalsteadReport(h1=16, h2=144, N1=92, N2=174, vocabulary=160, length=266, calculated_length=1096.4692002076931, volume=1947.6328732400382, difficulty=9.666666666666666, effort=18827.1177746537, time=1045.9509874807611, bugs=0.6492109577466794)"
constants.py,../pendulum/src/pendulum/constants.py,137.0,0.52,54.4698788215761,1.0,1836.0,"HalsteadReport(h1=3, h2=31, N1=27, N2=50, vocabulary=34, length=77, calculated_length=158.33497312415662, volume=391.7346387762762, difficulty=2.4193548387096775, effort=947.7450938135714, time=52.652505211865076, bugs=0.1305782129254254)"
__init__.py,../pendulum/src/pendulum/__init__.py,414.0,5.0,54.99554667971593,42.0,1.826086956521739,"HalsteadReport(h1=9, h2=25, N1=16, N2=31, vocabulary=34, length=47, calculated_length=144.62572975734892, volume=239.11075353876598, difficulty=5.58, effort=1334.2380047463141, time=74.12433359701745, bugs=0.07970358451292199)"
helpers.py,../pendulum/src/pendulum/helpers.py,608.0,0.24000000000000005,36.92853141942976,1.0,35.0,"HalsteadReport(h1=10, h2=56, N1=49, N2=97, vocabulary=66, length=146, calculated_length=358.4311565840995, volume=882.4815414263342, difficulty=8.660714285714286, effort=7642.920492710216, time=424.60669403945644, bugs=0.29416051380877806)"
day.py,../pendulum/src/pendulum/day.py,13.0,0.0,100.0,1.0,1.0,"HalsteadReport(h1=0, h2=0, N1=0, N2=0, vocabulary=0, length=0, calculated_length=0, volume=0, difficulty=0, effort=0, time=0.0, bugs=0.0)"
datetime.py,../pendulum/src/pendulum/datetime.py,1402.0,24.0,14.738612273809736,211.0,1.883928571428572,"HalsteadReport(h1=18, h2=212, N1=144, N2=267, vocabulary=230, length=411, calculated_length=1713.37778639336, volume=3224.4964109381385, difficulty=11.334905660377359, effort=36549.362620209184, time=2030.5201455671768, bugs=1.0748321369793794)"
exceptions.py,../pendulum/src/pendulum/exceptions.py,89.0,0.0,94.7424531575204,1.0,-75.0,"HalsteadReport(h1=0, h2=0, N1=0, N2=0, vocabulary=0, length=0, calculated_length=0, volume=0, difficulty=0, effort=0, time=0.0, bugs=0.0)"
parser.py,../pendulum/src/pendulum/parser.py,433.0,0.6000000000000001,50.05908486514504,1.0,-25.0,"HalsteadReport(h1=5, h2=13, N1=8, N2=15, vocabulary=18, length=23, calculated_length=59.715356810271004, volume=95.90827503317318, difficulty=2.8846153846153846, effort=276.658485672615, time=15.369915870700831, bugs=0.03196942501105773)"
iso8601.py,../pendulum/src/pendulum/parsing/iso8601.py,454.0,55.0,34.46277358619784,88.0,29.33333333333333,"HalsteadReport(h1=18, h2=130, N1=111, N2=202, vocabulary=148, length=313, calculated_length=987.9664657196606, volume=2256.5589034418613, difficulty=13.984615384615385, effort=31557.108357363875, time=1753.1726865202154, bugs=0.7521863011472871)"
__init__.py,../pendulum/src/pendulum/parsing/__init__.py,498.0,5.0,59.50828943303288,9.0,1.2857142857142854,"HalsteadReport(h1=5, h2=16, N1=11, N2=17, vocabulary=21, length=28, calculated_length=75.60964047443682, volume=122.9848878378053, difficulty=2.65625, effort=326.67860831917034, time=18.14881157328724, bugs=0.04099496261260177)"
__init__.py,../pendulum/src/pendulum/parsing/exceptions/__init__.py,259.0,0.0,90.80093440286072,1.0,-45.0,"HalsteadReport(h1=0, h2=0, N1=0, N2=0, vocabulary=0, length=0, calculated_length=0, volume=0, difficulty=0, effort=0, time=0.0, bugs=0.0)"
__init__.py,../pendulum/src/pendulum/locales/__init__.py,154.0,0.0,85.13590557991336,1.0,-73.0,"HalsteadReport(h1=0, h2=0, N1=0, N2=0, vocabulary=0, length=0, calculated_length=0, volume=0, difficulty=0, effort=0, time=0.0, bugs=0.0)"
locale.py,../pendulum/src/pendulum/locales/locale.py,173.0,0.2,55.30366431294917,4.0,0.3636363636363636,"HalsteadReport(h1=4, h2=9, N1=6, N2=10, vocabulary=13, length=16, calculated_length=36.52932501298081, volume=59.207035490257475, difficulty=2.2222222222222223, effort=131.57118997834996, time=7.309510554352776, bugs=0.019735678496752493)"
__init__.py,../pendulum/src/pendulum/locales/es/__init__.py,96.0,0.0,87.50565597536537,1.0,-73.0,"HalsteadReport(h1=0, h2=0, N1=0, N2=0, vocabulary=0, length=0, calculated_length=0, volume=0, difficulty=0, effort=0, time=0.0, bugs=0.0)"
custom.py,../pendulum/src/pendulum/locales/es/custom.py,24.0,0.6000000000000001,87.55687021846217,1.0,-45.0,"HalsteadReport(h1=0, h2=0, N1=0, N2=0, vocabulary=0, length=0, calculated_length=0, volume=0, difficulty=0, effort=0, time=0.0, bugs=0.0)"
locale.py,../pendulum/src/pendulum/locales/es/locale.py,324.0,0.0,77.00525625738875,1.0,-5.0,"HalsteadReport(h1=2, h2=4, N1=3, N2=6, vocabulary=6, length=9, calculated_length=10.0, volume=23.264662506490403, difficulty=1.5, effort=34.89699375973561, time=1.938721875540867, bugs=0.007754887502163467)"
__init__.py,../pendulum/src/pendulum/locales/da/__init__.py,27.0,0.0,94.83369049271325,1.0,-34.0,"HalsteadReport(h1=0, h2=0, N1=0, N2=0, vocabulary=0, length=0, calculated_length=0, volume=0, difficulty=0, effort=0, time=0.0, bugs=0.0)"
custom.py,../pendulum/src/pendulum/locales/da/custom.py,459.0,0.08000000000000002,86.0920598711559,1.0,3724.0,"HalsteadReport(h1=0, h2=0, N1=0, N2=0, vocabulary=0, length=0, calculated_length=0, volume=0, difficulty=0, effort=0, time=0.0, bugs=0.0)"
locale.py,../pendulum/src/pendulum/locales/da/locale.py,381.0,0.0,65.68960819250587,1.0,5183.0,"HalsteadReport(h1=4, h2=16, N1=14, N2=27, vocabulary=20, length=41, calculated_length=72.0, volume=177.19905189038187, difficulty=3.375, effort=598.0468001300388, time=33.2248222294466, bugs=0.05906635063012729)"
__init__.py,../pendulum/src/pendulum/locales/ua/__init__.py,119.0,0.0,88.32598609305631,1.0,-55.0,"HalsteadReport(h1=0, h2=0, N1=0, N2=0, vocabulary=0, length=0, calculated_length=0, volume=0, difficulty=0, effort=0, time=0.0, bugs=0.0)"
custom.py,../pendulum/src/pendulum/locales/ua/custom.py,23.0,2.0,100.0,0.0,0.0,"HalsteadReport(h1=0, h2=0, N1=0, N2=0, vocabulary=0, length=0, calculated_length=0, volume=0, difficulty=0, effort=0, time=0.0, bugs=0.0)"
locale.py,../pendulum/src/pendulum/locales/ua/locale.py,458.0,0.0,51.68761454939109,2.0,2.0,"HalsteadReport(h1=7, h2=89, N1=80, N2=158, vocabulary=96, length=238, calculated_length=595.9917598104126, volume=1567.2210751716352, difficulty=6.213483146067416, effort=9737.90173674061, time=540.994540930034, bugs=0.5224070250572117)"
__init__.py,../pendulum/src/pendulum/locales/de/__init__.py,381.0,0.0,81.15929723467893,1.0,624.0,"HalsteadReport(h1=0, h2=0, N1=0, N2=0, vocabulary=0, length=0, calculated_length=0, volume=0, difficulty=0, effort=0, time=0.0, bugs=0.0)"
custom.py,../pendulum/src/pendulum/locales/de/custom.py,38.0,2.0,100.0,0.0,0.0,"HalsteadReport(h1=0, h2=0, N1=0, N2=0, vocabulary=0, length=0, calculated_length=0, volume=0, difficulty=0, effort=0, time=0.0, bugs=0.0)"
locale.py,../pendulum/src/pendulum/locales/de/locale.py,465.0,0.0,66.05440609953689,1.0,3510.0,"HalsteadReport(h1=2, h2=9, N1=7, N2=14, vocabulary=11, length=21, calculated_length=30.529325012980813, volume=72.64806399138325, difficulty=1.5555555555555556, effort=113.00809954215173, time=6.2782277523417624, bugs=0.024216021330461083)"
__init__.py,../pendulum/src/pendulum/locales/fr/__init__.py,0.0,0.0,100.0,0.0,0.0,"HalsteadReport(h1=0, h2=0, N1=0, N2=0, vocabulary=0, length=0, calculated_length=0, volume=0, difficulty=0, effort=0, time=0.0, bugs=0.0)"
custom.py,../pendulum/src/pendulum/locales/fr/custom.py,114.0,0.6000000000000001,93.59224764924129,1.0,-20.0,"HalsteadReport(h1=0, h2=0, N1=0, N2=0, vocabulary=0, length=0, calculated_length=0, volume=0, difficulty=0, effort=0, time=0.0, bugs=0.0)"
locale.py,../pendulum/src/pendulum/locales/fr/locale.py,324.0,0.0,71.90505573058496,1.0,-79.0,"HalsteadReport(h1=3, h2=9, N1=8, N2=16, vocabulary=12, length=24, calculated_length=33.28421251514428, volume=86.03910001730776, difficulty=2.6666666666666665, effort=229.43760004615402, time=12.746533335897446, bugs=0.028679700005769252)"
__init__.py,../pendulum/src/pendulum/locales/cs/__init__.py,289.0,0.0,90.40769519129866,1.0,-13.0,"HalsteadReport(h1=0, h2=0, N1=0, N2=0, vocabulary=0, length=0, calculated_length=0, volume=0, difficulty=0, effort=0, time=0.0, bugs=0.0)"
custom.py,../pendulum/src/pendulum/locales/cs/custom.py,217.0,0.12000000000000002,90.36586665562041,2.0,-14.0,"HalsteadReport(h1=0, h2=0, N1=0, N2=0, vocabulary=0, length=0, calculated_length=0, volume=0, difficulty=0, effort=0, time=0.0, bugs=0.0)"
locale.py,../pendulum/src/pendulum/locales/cs/locale.py,330.0,0.0,59.01999866725427,1.0,-71.0,"HalsteadReport(h1=5, h2=22, N1=20, N2=39, vocabulary=27, length=59, calculated_length=109.71713608445735, volume=280.5383626276447, difficulty=4.431818181818182, effort=1243.295016190698, time=69.07194534392767, bugs=0.09351278754254823)"
__init__.py,../pendulum/src/pendulum/locales/fa/__init__.py,10.0,0.0,97.76249601234,1.0,-52.0,"HalsteadReport(h1=0, h2=0, N1=0, N2=0, vocabulary=0, length=0, calculated_length=0, volume=0, difficulty=0, effort=0, time=0.0, bugs=0.0)"
custom.py,../pendulum/src/pendulum/locales/fa/custom.py,161.0,0.08000000000000002,92.57238293677538,1.0,260.0,"HalsteadReport(h1=0, h2=0, N1=0, N2=0, vocabulary=0, length=0, calculated_length=0, volume=0, difficulty=0, effort=0, time=0.0, bugs=0.0)"
locale.py,../pendulum/src/pendulum/locales/fa/locale.py,284.0,0.0,56.51760746099419,1.0,1560.0,"HalsteadReport(h1=3, h2=9, N1=7, N2=14, vocabulary=12, length=21, calculated_length=33.28421251514428, volume=75.28421251514429, difficulty=2.3333333333333335, effort=175.66316253533668, time=9.759064585296482, bugs=0.025094737505048096)"
__init__.py,../pendulum/src/pendulum/locales/lt/__init__.py,531.0,0.0,81.15725877955482,1.0,1100.0,"HalsteadReport(h1=0, h2=0, N1=0, N2=0, vocabulary=0, length=0, calculated_length=0, volume=0, difficulty=0, effort=0, time=0.0, bugs=0.0)"
custom.py,../pendulum/src/pendulum/locales/lt/custom.py,307.0,0.4,90.53060714735471,1.0,-23.0,"HalsteadReport(h1=0, h2=0, N1=0, N2=0, vocabulary=0, length=0, calculated_length=0, volume=0, difficulty=0, effort=0, time=0.0, bugs=0.0)"
locale.py,../pendulum/src/pendulum/locales/lt/locale.py,422.0,0.0,55.59719032951095,1.0,2108.0,"HalsteadReport(h1=6, h2=47, N1=41, N2=79, vocabulary=53, length=120, calculated_length=276.57545103317585, volume=687.3504545475839, difficulty=5.042553191489362, effort=3466.001228250583, time=192.55562379169908, bugs=0.22911681818252796)"
__init__.py,../pendulum/src/pendulum/locales/sk/__init__.py,182.0,0.0,91.15839807306024,1.0,-12.0,"HalsteadReport(h1=0, h2=0, N1=0, N2=0, vocabulary=0, length=0, calculated_length=0, volume=0, difficulty=0, effort=0, time=0.0, bugs=0.0)"
custom.py,../pendulum/src/pendulum/locales/sk/custom.py,191.0,0.4,86.28323060133245,1.0,-8.0,"HalsteadReport(h1=0, h2=0, N1=0, N2=0, vocabulary=0, length=0, calculated_length=0, volume=0, difficulty=0, effort=0, time=0.0, bugs=0.0)"
locale.py,../pendulum/src/pendulum/locales/sk/locale.py,524.0,0.0,62.375104257779796,1.0,2320.0,"HalsteadReport(h1=5, h2=22, N1=20, N2=39, vocabulary=27, length=59, calculated_length=109.71713608445735, volume=280.5383626276447, difficulty=4.431818181818182, effort=1243.295016190698, time=69.07194534392767, bugs=0.09351278754254823)"
__init__.py,../pendulum/src/pendulum/locales/it/__init__.py,12.0,0.0,92.93335947118118,1.0,-6.0,"HalsteadReport(h1=0, h2=0, N1=0, N2=0, vocabulary=0, length=0, calculated_length=0, volume=0, difficulty=0, effort=0, time=0.0, bugs=0.0)"
custom.py,../pendulum/src/pendulum/locales/it/custom.py,81.0,0.6000000000000001,89.4481304449986,1.0,-44.0,"HalsteadReport(h1=0, h2=0, N1=0, N2=0, vocabulary=0, length=0, calculated_length=0, volume=0, difficulty=0, effort=0, time=0.0, bugs=0.0)"
locale.py,../pendulum/src/pendulum/locales/it/locale.py,275.0,0.0,75.16372673935689,3.0,3.0,"HalsteadReport(h1=3, h2=19, N1=14, N2=30, vocabulary=22, length=44, calculated_length=85.46551025759159, volume=196.21499122004107, difficulty=2.3684210526315788, effort=464.7197160474657, time=25.817762002636982, bugs=0.06540499707334703)"
__init__.py,../pendulum/src/pendulum/locales/bg/__init__.py,247.0,0.0,90.62606939358535,1.0,-27.0,"HalsteadReport(h1=0, h2=0, N1=0, N2=0, vocabulary=0, length=0, calculated_length=0, volume=0, difficulty=0, effort=0, time=0.0, bugs=0.0)"
custom.py,../pendulum/src/pendulum/locales/bg/custom.py,22.0,2.0,100.0,0.0,0.0,"HalsteadReport(h1=0, h2=0, N1=0, N2=0, vocabulary=0, length=0, calculated_length=0, volume=0, difficulty=0, effort=0, time=0.0, bugs=0.0)"
locale.py,../pendulum/src/pendulum/locales/bg/locale.py,479.0,0.0,82.62356348854908,1.0,-43.0,"HalsteadReport(h1=2, h2=4, N1=3, N2=6, vocabulary=6, length=9, calculated_length=10.0, volume=23.264662506490403, difficulty=1.5, effort=34.89699375973561, time=1.938721875540867, bugs=0.007754887502163467)"
__init__.py,../pendulum/src/pendulum/locales/ja/__init__.py,85.0,0.0,88.49749586699883,1.0,4140.0,"HalsteadReport(h1=0, h2=0, N1=0, N2=0, vocabulary=0, length=0, calculated_length=0, volume=0, difficulty=0, effort=0, time=0.0, bugs=0.0)"
custom.py,../pendulum/src/pendulum/locales/ja/custom.py,137.0,0.08000000000000002,86.78218246178501,1.0,-24.0,"HalsteadReport(h1=0, h2=0, N1=0, N2=0, vocabulary=0, length=0, calculated_length=0, volume=0, difficulty=0, effort=0, time=0.0, bugs=0.0)"
locale.py,../pendulum/src/pendulum/locales/ja/locale.py,202.0,0.0,100.0,0.0,0.0,"HalsteadReport(h1=0, h2=0, N1=0, N2=0, vocabulary=0, length=0, calculated_length=0, volume=0, difficulty=0, effort=0, time=0.0, bugs=0.0)"
__init__.py,../pendulum/src/pendulum/locales/zh/__init__.py,199.0,0.0,94.9326893781653,1.0,-65.0,"HalsteadReport(h1=0, h2=0, N1=0, N2=0, vocabulary=0, length=0, calculated_length=0, volume=0, difficulty=0, effort=0, time=0.0, bugs=0.0)"
custom.py,../pendulum/src/pendulum/locales/zh/custom.py,425.0,0.08000000000000002,77.26911045438855,1.0,1376.0,"HalsteadReport(h1=0, h2=0, N1=0, N2=0, vocabulary=0, length=0, calculated_length=0, volume=0, difficulty=0, effort=0, time=0.0, bugs=0.0)"
locale.py,../pendulum/src/pendulum/locales/zh/locale.py,311.0,0.0,82.21097665376882,1.0,3500.0,"HalsteadReport(h1=0, h2=0, N1=0, N2=0, vocabulary=0, length=0, calculated_length=0, volume=0, difficulty=0, effort=0, time=0.0, bugs=0.0)"
__init__.py,../pendulum/src/pendulum/locales/nn/__init__.py,38.0,0.0,90.39185033777014,1.0,-23.0,"HalsteadReport(h1=0, h2=0, N1=0, N2=0, vocabulary=0, length=0, calculated_length=0, volume=0, difficulty=0, effort=0, time=0.0, bugs=0.0)"
custom.py,../pendulum/src/pendulum/locales/nn/custom.py,22.0,3.0,100.0,0.0,0.0,"HalsteadReport(h1=0, h2=0, N1=0, N2=0, vocabulary=0, length=0, calculated_length=0, volume=0, difficulty=0, effort=0, time=0.0, bugs=0.0)"
locale.py,../pendulum/src/pendulum/locales/nn/locale.py,361.0,0.0,60.47530372191785,1.0,2212.0,"HalsteadReport(h1=2, h2=4, N1=3, N2=6, vocabulary=6, length=9, calculated_length=10.0, volume=23.264662506490403, difficulty=1.5, effort=34.89699375973561, time=1.938721875540867, bugs=0.007754887502163467)"
__init__.py,../pendulum/src/pendulum/locales/en_gb/__init__.py,156.0,0.0,71.62600454289608,1.0,1120.0,"HalsteadReport(h1=0, h2=0, N1=0, N2=0, vocabulary=0, length=0, calculated_length=0, volume=0, difficulty=0, effort=0, time=0.0, bugs=0.0)"
custom.py,../pendulum/src/pendulum/locales/en_gb/custom.py,297.0,0.6000000000000001,97.1015812242958,1.0,-53.0,"HalsteadReport(h1=0, h2=0, N1=0, N2=0, vocabulary=0, length=0, calculated_length=0, volume=0, difficulty=0, effort=0, time=0.0, bugs=0.0)"
locale.py,../pendulum/src/pendulum/locales/en_gb/locale.py,611.0,0.0,46.447310452572495,1.0,19.0,"HalsteadReport(h1=4, h2=55, N1=49, N2=95, vocabulary=59, length=144, calculated_length=325.9747842438563, volume=847.1005991081051, difficulty=3.4545454545454546, effort=2926.347524191636, time=162.57486245509088, bugs=0.28236686636936836)"
__init__.py,../pendulum/src/pendulum/locales/nl/__init__.py,421.0,0.0,86.49507870634972,1.0,2475.0,"HalsteadReport(h1=0, h2=0, N1=0, N2=0, vocabulary=0, length=0, calculated_length=0, volume=0, difficulty=0, effort=0, time=0.0, bugs=0.0)"
custom.py,../pendulum/src/pendulum/locales/nl/custom.py,81.0,0.6000000000000001,97.67560531762167,1.0,-8.0,"HalsteadReport(h1=0, h2=0, N1=0, N2=0, vocabulary=0, length=0, calculated_length=0, volume=0, difficulty=0, effort=0, time=0.0, bugs=0.0)"
locale.py,../pendulum/src/pendulum/locales/nl/locale.py,142.0,0.0,81.36750404912611,0.0,0.0,"HalsteadReport(h1=2, h2=9, N1=7, N2=14, vocabulary=11, length=21, calculated_length=30.529325012980813, volume=72.64806399138325, difficulty=1.5555555555555556, effort=113.00809954215173, time=6.2782277523417624, bugs=0.024216021330461083)"
__init__.py,../pendulum/src/pendulum/locales/fo/__init__.py,0.0,0.0,100.0,0.0,0.0,"HalsteadReport(h1=0, h2=0, N1=0, N2=0, vocabulary=0, length=0, calculated_length=0, volume=0, difficulty=0, effort=0, time=0.0, bugs=0.0)"
custom.py,../pendulum/src/pendulum/locales/fo/custom.py,122.0,0.6000000000000001,87.86035052327335,1.0,-1.0,"HalsteadReport(h1=0, h2=0, N1=0, N2=0, vocabulary=0, length=0, calculated_length=0, volume=0, difficulty=0, effort=0, time=0.0, bugs=0.0)"
locale.py,../pendulum/src/pendulum/locales/fo/locale.py,597.0,0.0,69.0046420013889,1.0,200.0,"HalsteadReport(h1=2, h2=4, N1=3, N2=6, vocabulary=6, length=9, calculated_length=10.0, volume=23.264662506490403, difficulty=1.5, effort=34.89699375973561, time=1.938721875540867, bugs=0.007754887502163467)"
__init__.py,../pendulum/src/pendulum/locales/pl/__init__.py,162.0,0.0,91.1314515521642,1.0,-30.0,"HalsteadReport(h1=0, h2=0, N1=0, N2=0, vocabulary=0, length=0, calculated_length=0, volume=0, difficulty=0, effort=0, time=0.0, bugs=0.0)"
custom.py,../pendulum/src/pendulum/locales/pl/custom.py,138.0,0.4,86.11672133170845,1.0,-20.0,"HalsteadReport(h1=0, h2=0, N1=0, N2=0, vocabulary=0, length=0, calculated_length=0, volume=0, difficulty=0, effort=0, time=0.0, bugs=0.0)"
locale.py,../pendulum/src/pendulum/locales/pl/locale.py,584.0,0.0,63.106775744956465,1.0,-27.0,"HalsteadReport(h1=7, h2=85, N1=77, N2=152, vocabulary=92, length=229, calculated_length=564.4497140261079, volume=1493.895687937056, difficulty=6.258823529411765, effort=9350.029482147222, time=519.4460823415124, bugs=0.497965229312352)"
__init__.py,../pendulum/src/pendulum/locales/he/__init__.py,0.0,0.0,100.0,0.0,0.0,"HalsteadReport(h1=0, h2=0, N1=0, N2=0, vocabulary=0, length=0, calculated_length=0, volume=0, difficulty=0, effort=0, time=0.0, bugs=0.0)"
custom.py,../pendulum/src/pendulum/locales/he/custom.py,252.0,0.12000000000000002,91.17976627345358,1.0,65.0,"HalsteadReport(h1=0, h2=0, N1=0, N2=0, vocabulary=0, length=0, calculated_length=0, volume=0, difficulty=0, effort=0, time=0.0, bugs=0.0)"
locale.py,../pendulum/src/pendulum/locales/he/locale.py,499.0,0.0,51.16063791030413,1.0,621.0,"HalsteadReport(h1=6, h2=33, N1=31, N2=61, vocabulary=39, length=92, calculated_length=181.9747809431559, volume=486.2570041353269, difficulty=5.545454545454546, effort=2696.516113841358, time=149.80645076896434, bugs=0.16208566804510896)"
__init__.py,../pendulum/src/pendulum/locales/en/__init__.py,281.0,0.0,97.28237678040968,4.0,4.0,"HalsteadReport(h1=0, h2=0, N1=0, N2=0, vocabulary=0, length=0, calculated_length=0, volume=0, difficulty=0, effort=0, time=0.0, bugs=0.0)"
custom.py,../pendulum/src/pendulum/locales/en/custom.py,253.0,0.12000000000000002,87.36518227759825,1.0,3900.0,"HalsteadReport(h1=0, h2=0, N1=0, N2=0, vocabulary=0, length=0, calculated_length=0, volume=0, difficulty=0, effort=0, time=0.0, bugs=0.0)"
locale.py,../pendulum/src/pendulum/locales/en/locale.py,158.0,0.0,71.733639580884,0.0,0.0,"HalsteadReport(h1=4, h2=55, N1=49, N2=95, vocabulary=59, length=144, calculated_length=325.9747842438563, volume=847.1005991081051, difficulty=3.4545454545454546, effort=2926.347524191636, time=162.57486245509088, bugs=0.28236686636936836)"
__init__.py,../pendulum/src/pendulum/locales/pt_br/__init__.py,413.0,0.0,87.29115602119336,1.0,3750.0,"HalsteadReport(h1=0, h2=0, N1=0, N2=0, vocabulary=0, length=0, calculated_length=0, volume=0, difficulty=0, effort=0, time=0.0, bugs=0.0)"
custom.py,../pendulum/src/pendulum/locales/pt_br/custom.py,267.0,0.4,91.06798425191823,1.0,-14.0,"HalsteadReport(h1=0, h2=0, N1=0, N2=0, vocabulary=0, length=0, calculated_length=0, volume=0, difficulty=0, effort=0, time=0.0, bugs=0.0)"
locale.py,../pendulum/src/pendulum/locales/pt_br/locale.py,245.0,0.0,65.00307555443975,1.0,-58.0,"HalsteadReport(h1=5, h2=12, N1=10, N2=19, vocabulary=17, length=29, calculated_length=54.62919048309069, volume=118.53642239625987, difficulty=3.9583333333333335, effort=469.2066719851953, time=26.06703733251085, bugs=0.03951214079875329)"
__init__.py,../pendulum/src/pendulum/locales/ru/__init__.py,0.0,0.0,89.47816753675498,1.0,-73.0,"HalsteadReport(h1=0, h2=0, N1=0, N2=0, vocabulary=0, length=0, calculated_length=0, volume=0, difficulty=0, effort=0, time=0.0, bugs=0.0)"
custom.py,../pendulum/src/pendulum/locales/ru/custom.py,275.0,0.4,87.29143379473282,1.0,-35.0,"HalsteadReport(h1=0, h2=0, N1=0, N2=0, vocabulary=0, length=0, calculated_length=0, volume=0, difficulty=0, effort=0, time=0.0, bugs=0.0)"
locale.py,../pendulum/src/pendulum/locales/ru/locale.py,582.0,0.0,54.280761926636664,1.0,-48.0,"HalsteadReport(h1=7, h2=89, N1=80, N2=158, vocabulary=96, length=238, calculated_length=595.9917598104126, volume=1567.2210751716352, difficulty=6.213483146067416, effort=9737.90173674061, time=540.994540930034, bugs=0.5224070250572117)"
__init__.py,../pendulum/src/pendulum/locales/sv/__init__.py,400.0,0.0,76.81043938290078,1.0,1386.0,"HalsteadReport(h1=0, h2=0, N1=0, N2=0, vocabulary=0, length=0, calculated_length=0, volume=0, difficulty=0, effort=0, time=0.0, bugs=0.0)"
custom.py,../pendulum/src/pendulum/locales/sv/custom.py,169.0,0.4,93.1607342043378,1.0,-71.0,"HalsteadReport(h1=0, h2=0, N1=0, N2=0, vocabulary=0, length=0, calculated_length=0, volume=0, difficulty=0, effort=0, time=0.0, bugs=0.0)"
locale.py,../pendulum/src/pendulum/locales/sv/locale.py,385.0,0.0,60.26300516726728,1.0,-18.0,"HalsteadReport(h1=5, h2=33, N1=27, N2=53, vocabulary=38, length=80, calculated_length=178.07464641326578, volume=419.8342010754868, difficulty=4.015151515151516, effort=1685.697928560667, time=93.64988492003705, bugs=0.13994473369182894)"
__init__.py,../pendulum/src/pendulum/locales/tr/__init__.py,241.0,0.0,81.39151297247797,1.0,1128.0,"HalsteadReport(h1=0, h2=0, N1=0, N2=0, vocabulary=0, length=0, calculated_length=0, volume=0, difficulty=0, effort=0, time=0.0, bugs=0.0)"
custom.py,../pendulum/src/pendulum/locales/tr/custom.py,317.0,0.12000000000000002,74.955622820966,1.0,1272.0,"HalsteadReport(h1=0, h2=0, N1=0, N2=0, vocabulary=0, length=0, calculated_length=0, volume=0, difficulty=0, effort=0, time=0.0, bugs=0.0)"
locale.py,../pendulum/src/pendulum/locales/tr/locale.py,339.0,0.0,76.37854706588031,1.0,-58.0,"HalsteadReport(h1=2, h2=4, N1=3, N2=6, vocabulary=6, length=9, calculated_length=10.0, volume=23.264662506490403, difficulty=1.5, effort=34.89699375973561, time=1.938721875540867, bugs=0.007754887502163467)"
__init__.py,../pendulum/src/pendulum/locales/ko/__init__.py,0.0,0.0,100.0,0.0,0.0,"HalsteadReport(h1=0, h2=0, N1=0, N2=0, vocabulary=0, length=0, calculated_length=0, volume=0, difficulty=0, effort=0, time=0.0, bugs=0.0)"
custom.py,../pendulum/src/pendulum/locales/ko/custom.py,20.0,2.0,100.0,0.0,0.0,"HalsteadReport(h1=0, h2=0, N1=0, N2=0, vocabulary=0, length=0, calculated_length=0, volume=0, difficulty=0, effort=0, time=0.0, bugs=0.0)"
locale.py,../pendulum/src/pendulum/locales/ko/locale.py,253.0,0.0,88.85253399670707,1.0,-35.0,"HalsteadReport(h1=0, h2=0, N1=0, N2=0, vocabulary=0, length=0, calculated_length=0, volume=0, difficulty=0, effort=0, time=0.0, bugs=0.0)"
__init__.py,../pendulum/src/pendulum/locales/nb/__init__.py,0.0,0.0,100.0,0.0,0.0,"HalsteadReport(h1=0, h2=0, N1=0, N2=0, vocabulary=0, length=0, calculated_length=0, volume=0, difficulty=0, effort=0, time=0.0, bugs=0.0)"
custom.py,../pendulum/src/pendulum/locales/nb/custom.py,22.0,3.0,100.0,0.0,0.0,"HalsteadReport(h1=0, h2=0, N1=0, N2=0, vocabulary=0, length=0, calculated_length=0, volume=0, difficulty=0, effort=0, time=0.0, bugs=0.0)"
locale.py,../pendulum/src/pendulum/locales/nb/locale.py,235.0,0.0,63.96334763129592,6.0,-348.0,"HalsteadReport(h1=2, h2=4, N1=3, N2=6, vocabulary=6, length=9, calculated_length=10.0, volume=23.264662506490403, difficulty=1.5, effort=34.89699375973561, time=1.938721875540867, bugs=0.007754887502163467)"
__init__.py,../pendulum/src/pendulum/locales/en_us/__init__.py,100.0,0.0,94.97495469118094,1.0,-73.0,"HalsteadReport(h1=0, h2=0, N1=0, N2=0, vocabulary=0, length=0, calculated_length=0, volume=0, difficulty=0, effort=0, time=0.0, bugs=0.0)"
custom.py,../pendulum/src/pendulum/locales/en_us/custom.py,316.0,0.12000000000000002,82.20566386232431,1.0,3008.0,"HalsteadReport(h1=0, h2=0, N1=0, N2=0, vocabulary=0, length=0, calculated_length=0, volume=0, difficulty=0, effort=0, time=0.0, bugs=0.0)"
locale.py,../pendulum/src/pendulum/locales/en_us/locale.py,240.0,0.0,69.85562947968434,0.0,0.0,"HalsteadReport(h1=4, h2=55, N1=49, N2=95, vocabulary=59, length=144, calculated_length=325.9747842438563, volume=847.1005991081051, difficulty=3.4545454545454546, effort=2926.347524191636, time=162.57486245509088, bugs=0.28236686636936836)"
__init__.py,../pendulum/src/pendulum/locales/id/__init__.py,291.0,0.0,93.31564229998818,1.0,-41.0,"HalsteadReport(h1=0, h2=0, N1=0, N2=0, vocabulary=0, length=0, calculated_length=0, volume=0, difficulty=0, effort=0, time=0.0, bugs=0.0)"
custom.py,../pendulum/src/pendulum/locales/id/custom.py,21.0,0.0,100.0,0.0,0.0,"HalsteadReport(h1=0, h2=0, N1=0, N2=0, vocabulary=0, length=0, calculated_length=0, volume=0, difficulty=0, effort=0, time=0.0, bugs=0.0)"
locale.py,../pendulum/src/pendulum/locales/id/locale.py,149.0,0.0,100.0,0.0,0.0,"HalsteadReport(h1=0, h2=0, N1=0, N2=0, vocabulary=0, length=0, calculated_length=0, volume=0, difficulty=0, effort=0, time=0.0, bugs=0.0)"
__init__.py,../pendulum/src/pendulum/tz/__init__.py,174.0,0.0,80.93168487440349,1.0,-25.33333333333333,"HalsteadReport(h1=1, h2=2, N1=1, N2=2, vocabulary=3, length=3, calculated_length=2.0, volume=4.754887502163469, difficulty=0.5, effort=2.3774437510817346, time=0.1320802083934297, bugs=0.0015849625007211565)"
local_timezone.py,../pendulum/src/pendulum/tz/local_timezone.py,240.0,35.0,55.21355670863292,38.0,4.222222222222222,"HalsteadReport(h1=8, h2=34, N1=23, N2=45, vocabulary=42, length=68, calculated_length=196.97373660251156, volume=366.6775847489557, difficulty=5.294117647058823, effort=1941.2342722003539, time=107.84634845557521, bugs=0.12222586158298523)"
exceptions.py,../pendulum/src/pendulum/tz/exceptions.py,33.0,0.0,100.0,8.0,1.3333333333333333,"HalsteadReport(h1=0, h2=0, N1=0, N2=0, vocabulary=0, length=0, calculated_length=0, volume=0, difficulty=0, effort=0, time=0.0, bugs=0.0)"
timezone.py,../pendulum/src/pendulum/tz/timezone.py,474.0,3.0,53.81606354376345,7.0,0.2916666666666667,"HalsteadReport(h1=9, h2=18, N1=15, N2=29, vocabulary=27, length=44, calculated_length=103.58797503894243, volume=209.21505009519265, difficulty=7.25, effort=1516.8091131901467, time=84.26717295500815, bugs=0.06973835003173089)"
windows.py,../pendulum/src/pendulum/tz/data/windows.py,287.0,0.0,85.51845445584405,1.0,-42.0,"HalsteadReport(h1=0, h2=0, N1=0, N2=0, vocabulary=0, length=0, calculated_length=0, volume=0, difficulty=0, effort=0, time=0.0, bugs=0.0)"
__init__.py,../pendulum/src/pendulum/tz/data/__init__.py,143.0,0.0,92.69766652733566,1.0,-46.0,"HalsteadReport(h1=0, h2=0, N1=0, N2=0, vocabulary=0, length=0, calculated_length=0, volume=0, difficulty=0, effort=0, time=0.0, bugs=0.0)"
formatter.py,../pendulum/src/pendulum/formatting/formatter.py,789.0,4.4,16.040572366958024,109.0,10.9,"HalsteadReport(h1=20, h2=192, N1=147, N2=287, vocabulary=212, length=434, calculated_length=1542.7513620362092, volume=3353.9174772804286, difficulty=14.947916666666666, effort=50134.07895726474, time=2785.22660873693, bugs=1.1179724924268095)"
__init__.py,../pendulum/src/pendulum/formatting/__init__.py,250.0,0.0,75.41496877352455,1.0,2133.0,"HalsteadReport(h1=0, h2=0, N1=0, N2=0, vocabulary=0, length=0, calculated_length=0, volume=0, difficulty=0, effort=0, time=0.0, bugs=0.0)"
difference_formatter.py,../pendulum/src/pendulum/formatting/difference_formatter.py,171.0,1.4000000000000001,42.454201015795846,1.0,-1.3333333333333333,"HalsteadReport(h1=10, h2=39, N1=38, N2=74, vocabulary=49, length=112, calculated_length=239.34996748450132, volume=628.8475025409033, difficulty=9.487179487179487, effort=5965.989126670108, time=331.44384037056153, bugs=0.2096158341803011)"
_compat.py,../pendulum/src/pendulum/utils/_compat.py,165.0,0.0,80.2998915212451,1.0,1170.0,"HalsteadReport(h1=0, h2=0, N1=0, N2=0, vocabulary=0, length=0, calculated_length=0, volume=0, difficulty=0, effort=0, time=0.0, bugs=0.0)"
__init__.py,../pendulum/src/pendulum/utils/__init__.py,580.0,0.0,82.47846575927703,1.0,1422.0,"HalsteadReport(h1=0, h2=0, N1=0, N2=0, vocabulary=0, length=0, calculated_length=0, volume=0, difficulty=0, effort=0, time=0.0, bugs=0.0)"
default.py,../pendulum/src/pendulum/mixins/default.py,285.0,0.0,80.63547052060876,1.0,-13.2,"HalsteadReport(h1=2, h2=4, N1=2, N2=4, vocabulary=6, length=6, calculated_length=10.0, volume=15.509775004326936, difficulty=1.0, effort=15.509775004326936, time=0.861654166907052, bugs=0.005169925001442312)"
__init__.py,../pendulum/src/pendulum/mixins/__init__.py,97.0,0.0,88.42544959966631,1.0,-75.0,"HalsteadReport(h1=0, h2=0, N1=0, N2=0, vocabulary=0, length=0, calculated_length=0, volume=0, difficulty=0, effort=0, time=0.0, bugs=0.0)"
AVERAGE,ALL FILES,601.5438596491229,0.12315789473684212,69.85152850057312,1.0,0.9864426057551894,
