File,Path,LOC,Comments,MI,CC_Total,CC_Average,Halstead_values
util.py,../pyparsing/pyparsing/util.py,923.0,202.0,28.450058799964072,240.0,4.615384615384616,"HalsteadReport(h1=16, h2=163, N1=133, N2=248, vocabulary=179, length=381, calculated_length=1261.8426891396657, volume=2851.3338111376816, difficulty=12.171779141104295, effort=34705.805406731044, time=1928.100300373947, bugs=0.9504446037125606)"
testing.py,../pyparsing/pyparsing/testing.py,533.0,128.0,40.57964332175183,67.0,22.33333333333333,"HalsteadReport(h1=14, h2=121, N1=102, N2=194, vocabulary=135, length=296, calculated_length=890.4854206190324, volume=2094.7374167270464, difficulty=11.223140495867769, effort=23509.53232987875, time=1306.0851294377085, bugs=0.6982458055756822)"
common.py,../pyparsing/pyparsing/common.py,579.0,135.0,37.11186178899108,90.0,2.4324324324324325,"HalsteadReport(h1=18, h2=166, N1=99, N2=191, vocabulary=184, length=290, calculated_length=1299.3151956295512, volume=2181.8329672565337, difficulty=10.355421686746988, effort=22593.80042598784, time=1255.2111347771022, bugs=0.727277655752178)"
__init__.py,../pyparsing/pyparsing/__init__.py,263.0,141.0,76.53674801035474,1.0,-2.0,"HalsteadReport(h1=3, h2=16, N1=8, N2=16, vocabulary=19, length=24, calculated_length=68.75488750216347, volume=101.95026032264605, difficulty=1.5, effort=152.92539048396907, time=8.49585502688717, bugs=0.03398342010754868)"
helpers.py,../pyparsing/pyparsing/helpers.py,1069.0,126.0,36.88519203739144,117.0,6.882352941176471,"HalsteadReport(h1=20, h2=240, N1=188, N2=351, vocabulary=260, length=539, calculated_length=1984.0923048437917, volume=4324.056251222337, difficulty=14.625, effort=63239.32267412668, time=3513.295704118149, bugs=1.441352083740779)"
unicode.py,../pyparsing/pyparsing/unicode.py,426.0,109.0,48.722325500856115,16.0,0.8,"HalsteadReport(h1=8, h2=42, N1=26, N2=50, vocabulary=50, length=76, calculated_length=250.47733175670794, volume=428.93307042287904, difficulty=4.761904761904762, effort=2042.5384305851383, time=113.47435725472991, bugs=0.14297769014095968)"
actions.py,../pyparsing/pyparsing/actions.py,127.0,71.0,66.73173434544597,1.0,-0.2608695652173913,"HalsteadReport(h1=7, h2=15, N1=10, N2=17, vocabulary=22, length=27, calculated_length=78.25484338853101, volume=120.40465370320703, difficulty=3.966666666666667, effort=477.6051263560546, time=26.533618130891924, bugs=0.04013488456773568)"
core.py,../pyparsing/pyparsing/core.py,6242.0,296.0,4.825632765022027,1304.0,4.075,"HalsteadReport(h1=22, h2=880, N1=728, N2=1361, vocabulary=902, length=2089, calculated_length=8705.704043511721, volume=20507.678788980495, difficulty=17.0125, effort=348886.8853975306, time=19382.604744307257, bugs=6.835892929660165)"
exceptions.py,../pyparsing/pyparsing/exceptions.py,441.0,63.0,58.793709065191464,83.0,1.3606557377049182,"HalsteadReport(h1=11, h2=38, N1=30, N2=50, vocabulary=49, length=80, calculated_length=237.47499331586653, volume=449.17678752921665, difficulty=7.2368421052631575, effort=3250.6214886982784, time=180.5900827054599, bugs=0.1497255958430722)"
results.py,../pyparsing/pyparsing/results.py,790.0,115.0,42.431912281523246,161.0,3.5777777777777775,"HalsteadReport(h1=15, h2=104, N1=75, N2=133, vocabulary=119, length=208, calculated_length=755.4490896208013, volume=1434.1220947680522, difficulty=9.591346153846153, effort=13755.161437799346, time=764.175635433297, bugs=0.4780406982560174)"
cvt_pyparsing_pep8_names.py,../pyparsing/pyparsing/tools/cvt_pyparsing_pep8_names.py,94.0,115.0,68.72455661016697,1.0,-14.5,"HalsteadReport(h1=5, h2=12, N1=7, N2=12, vocabulary=17, length=19, calculated_length=54.62919048309069, volume=77.66179398375645, difficulty=2.5, effort=194.15448495939114, time=10.78636027552173, bugs=0.02588726466125215)"
__init__.py,../pyparsing/pyparsing/diagram/__init__.py,699.0,136.0,33.69808265469475,159.0,4.8181818181818175,"HalsteadReport(h1=13, h2=108, N1=79, N2=145, vocabulary=121, length=224, calculated_length=777.633566569489, volume=1549.8253651495095, difficulty=8.726851851851851, effort=13525.096357901968, time=751.394242105665, bugs=0.5166084550498365)"
AVERAGE,ALL FILES,683.6666666666667,159.25,44.49187394120628,168.58333333333331,4.278817910205538,
